__contest__,__group__,BIB,ID,WithStatus([TotalRankp]),FLNAME,SEX,AGEGROUP1.NAMESHORT,ATF2,Swim,Transition1,Cycle,Transition2,Run,TIME
#1_Sprint,,9,9,1.,Senan Mc Donnell,m,M16-19,Galway Triathlon Club,00:09:54,00:00:39,00:33:58,00:00:33,00:17:53,01:02:59
#1_Sprint,,143,143,2.,David Higgins,m,M25-29,,00:11:37,00:00:49,00:33:56,00:00:50,00:18:11,01:05:25
#1_Sprint,,3,3,3.,Mathys Bocquet,m,M16-19,Predator Triathlon Club,00:10:40,00:00:40,00:35:48,00:00:33,00:18:05,01:05:48
#1_Sprint,,151,151,4.,Christopher Horgan,m,M20-24,Mallow TC,00:12:35,00:00:44,00:36:11,00:00:43,00:17:57,01:08:11
#1_Sprint,,5,5,5.,Patrick Cole,m,M16-19,,00:11:49,00:01:08,00:35:55,00:00:39,00:18:45,01:08:18
#1_Sprint,,367,367,6.,Colm Sheahan,m,M40-44,,00:12:57,00:01:03,00:34:44,00:01:01,00:18:44,01:08:31
#1_Sprint,,69,69,7.,Leo Corry,m,M25-29,Belpark Triathlon Club,00:14:40,00:00:55,00:35:04,00:00:50,00:17:01,01:08:32
#1_Sprint,,11,11,8.,Darragh Reynolds,m,M16-19,Predator Triathlon Club,00:11:51,00:00:48,00:36:27,00:00:33,00:19:10,01:08:52
#1_Sprint,,393,393,9.,Trevor Woods,m,M55-59,Cork Triathlon Club 2025,00:12:04,00:00:47,00:36:36,00:00:42,00:19:44,01:09:55
#1_Sprint,,286,286,10.,Eddy O’Byrne,m,M30-34,Belpark Triathlon Club,00:12:00,00:01:09,00:37:40,00:00:56,00:18:40,01:10:27
#1_Sprint,,8,8,11.,Ryan Lundy,m,M16-19,Northwest TC,00:11:25,00:00:50,00:37:38,00:00:45,00:20:30,01:11:09
#1_Sprint,,334,334,12.,Mark Pinfield,m,M45-49,Crosshaven Triathlon Club,00:15:41,00:00:53,00:34:04,00:00:54,00:19:37,01:11:12
#1_Sprint,,357,357,13.,Justin Ryan,m,M35-39,Tried and Tested,00:13:53,00:01:04,00:37:20,00:00:49,00:18:14,01:11:21
#1_Sprint,,1,1,14.,Kevin McNally,m,M16-19,Wicklow TC,00:11:28,00:00:49,00:38:33,00:00:38,00:19:51,01:11:21
#1_Sprint,,168,168,15.,Padraig Kelly,m,M40-44,Tralee Tri Club,00:13:39,00:00:54,00:37:32,00:00:41,00:18:57,01:11:45
#1_Sprint,,12,12,16.,Jude Williams,m,M16-19,Northwest TC,00:11:54,00:01:01,00:40:15,00:00:43,00:18:55,01:12:51
#1_Sprint,,65,65,17.,Cian Connolly,m,M20-24,Naas TC,00:13:54,00:01:51,00:36:46,00:01:00,00:19:47,01:13:20
#1_Sprint,,48,48,18.,Deirdre Casey,f,F40-44,Cork Triathlon Club 2025,00:12:39,00:00:51,00:38:18,00:00:49,00:20:43,01:13:22
#1_Sprint,,7,7,19.,Zoe Hughes,f,F16-19,,00:12:20,00:00:51,00:41:44,00:00:35,00:19:00,01:14:32
#1_Sprint,,195,195,20.,Cillian Mac Namara,m,M25-29,,00:15:58,00:01:08,00:37:39,00:01:01,00:19:18,01:15:06
#1_Sprint,,132,132,21.,Eoin Healy,m,M30-34,Crosshaven Triathlon Club,00:13:21,00:01:19,00:39:38,00:00:56,00:19:59,01:15:15
#1_Sprint,,331,331,22.,Richard Pierce,m,M30-34,Cork Triathlon Club 2025,00:14:22,00:01:29,00:39:55,00:01:07,00:19:05,01:15:59
#1_Sprint,,272,272,23.,Joe O connor,m,M45-49,Tralee Tri Club,00:15:29,00:01:18,00:39:16,00:00:54,00:19:14,01:16:13
#1_Sprint,,145,269,24.,John O connell,m,M40-44,Cork Triathlon Club 2025,00:13:51,00:01:02,00:38:25,00:00:54,00:22:06,01:16:20
#1_Sprint,,373,373,25.,David Spring,m,M35-39,Tralee Tri Club,00:15:22,00:01:30,00:37:20,00:01:12,00:20:54,01:16:20
#1_Sprint,,381,381,26.,Chris Troy,m,M55-59,,00:14:55,00:01:03,00:37:19,00:00:47,00:22:33,01:16:39
#1_Sprint,,2,2,27.,Aoibheann Ryan,f,F16-19,Tried and Tested,00:12:42,00:01:04,00:42:12,00:00:39,00:20:44,01:17:24
#1_Sprint,,278,278,28.,Shane O Neill,m,M40-44,Belpark Triathlon Club,00:16:11,00:01:27,00:38:14,00:01:06,00:20:44,01:17:45
#1_Sprint,,56,56,29.,Eric Clonan,m,M30-34,Piranha Triathlon Club,00:14:01,00:01:16,00:39:31,00:01:20,00:21:47,01:17:57
#1_Sprint,,349,349,30.,Hannah Roche,f,F35-39,Belpark Triathlon Club,00:14:03,00:00:57,00:40:17,00:00:57,00:22:05,01:18:21
#1_Sprint,,79,79,31.,Noel Cronin,m,M50-54,Tralee Tri Club,00:13:39,00:00:59,00:40:38,00:01:08,00:22:13,01:18:39
#1_Sprint,,115,115,32.,Giorgio Gac,m,M20-24,Belpark Triathlon Club,00:14:38,00:01:26,00:41:15,00:01:14,00:20:20,01:18:56
#1_Sprint,,4,4,33.,Izabella Chidlow,f,F16-19,South Coast TC,00:12:21,00:00:52,00:41:59,00:00:43,00:23:08,01:19:04
#1_Sprint,,255,255,34.,Ellen Murphy,f,F40-44,Belpark Triathlon Club,00:14:42,00:00:59,00:38:57,00:01:05,00:23:30,01:19:15
#1_Sprint,,306,306,35.,Kieran O'donoghue,m,M45-49,Killarney TC,00:16:18,00:01:13,00:39:28,00:00:54,00:21:41,01:19:36
#1_Sprint,,328,328,36.,Julien Pastel,m,M35-39,Kinsale Triathlon Club,00:16:49,00:01:13,00:39:32,00:01:10,00:21:17,01:20:03
#1_Sprint,,358,358,37.,Alan Ryan,m,M50-54,Tried and Tested,00:16:07,00:01:24,00:40:12,00:01:10,00:21:14,01:20:09
#1_Sprint,,283,283,38.,Ross O' Sullivan,m,M35-39,Killarney TC,00:13:27,00:01:15,00:40:24,00:00:57,00:24:12,01:20:18
#1_Sprint,,330,330,39.,Chris Phelan,m,M30-34,Crosshaven Triathlon Club,00:16:35,00:01:09,00:39:31,00:01:23,00:21:46,01:20:25
#1_Sprint,,246,246,40.,Meadhbh Moynihan,f,F25-29,Crosshaven Triathlon Club,00:14:22,00:01:11,00:42:17,00:00:41,00:22:00,01:20:33
#1_Sprint,,109,109,41.,David Fitzgerald,m,M30-34,Tralee Tri Club,00:14:54,00:02:03,00:41:37,00:01:41,00:20:25,01:20:42
#1_Sprint,,128,128,42.,Aidan Harvey,m,M35-39,Belpark Triathlon Club,00:19:45,00:02:08,00:38:31,00:00:57,00:19:25,01:20:48
#1_Sprint,,250,250,43.,David Murphy,m,M25-29,,00:13:43,00:01:55,00:41:34,00:01:23,00:22:12,01:20:49
#1_Sprint,,32,32,44.,Andrea Brennan,f,F40-44,Belpark Triathlon Club,00:14:54,00:01:01,00:41:27,00:00:51,00:22:36,01:20:51
#1_Sprint,,332,332,45.,Gerard Pierse,m,M45-49,Tralee Tri Club,00:13:11,00:01:09,00:42:58,00:00:55,00:23:03,01:21:18
#1_Sprint,,222,222,46.,Anna McGinley,f,F20-24,Galway Triathlon Club,00:17:00,00:01:02,00:41:05,00:01:10,00:21:26,01:21:45
#1_Sprint,,259,259,47.,David Nason,m,M25-29,,00:17:10,00:01:59,00:40:57,00:01:32,00:20:27,01:22:07
#1_Sprint,,219,219,48.,Mark McEntee,m,M45-49,Cork Triathlon Club 2025,00:16:47,00:01:12,00:41:24,00:00:58,00:21:45,01:22:07
#1_Sprint,,360,360,49.,Richard Scallan,m,M40-44,Cork Triathlon Club 2025,00:15:26,00:01:38,00:41:38,00:01:09,00:22:19,01:22:12
#1_Sprint,,140,140,50.,Alan Hickey,m,M50-54,,00:16:05,00:01:40,00:41:57,00:01:21,00:21:16,01:22:20
#1_Sprint,,39,39,51.,Anthony Buckley,m,M25-29,Mallow TC,00:15:10,00:01:30,00:44:16,00:00:52,00:20:40,01:22:30
#1_Sprint,,61,61,52.,Geoff Collins,m,M55-59,Mallow TC,00:17:06,00:01:25,00:41:42,00:01:06,00:21:18,01:22:38
#1_Sprint,,408,454,53.,Bryan Gallwey,m,M60-64,,00:15:12,00:01:48,00:41:38,00:01:07,00:22:59,01:22:46
#1_Sprint,,233,233,54.,Jack Merkushev,m,M25-29,,00:16:39,00:01:23,00:41:24,00:01:21,00:22:04,01:22:53
#1_Sprint,,152,152,55.,Charlie Horgan-Dunne,m,M30-34,,00:14:38,00:01:35,00:40:57,00:01:09,00:24:43,01:23:04
#1_Sprint,,387,387,56.,Oisin Harrington,m,M16-19,,00:14:58,00:01:24,00:43:44,00:00:46,00:22:12,01:23:07
#1_Sprint,,318,318,57.,Noel O'Regan,m,M55-59,Cork Triathlon Club 2025,00:16:27,00:01:10,00:42:23,00:01:14,00:21:55,01:23:11
#1_Sprint,,35,35,58.,Matthew Browne,m,M40-44,,00:16:57,00:01:37,00:40:48,00:01:18,00:22:41,01:23:22
#1_Sprint,,201,201,59.,Morgan Mc Court,m,M55-59,Kinsale Triathlon Club,00:16:21,00:01:00,00:44:07,00:00:55,00:21:02,01:23:26
#1_Sprint,,241,241,60.,Aoife Mooney,f,F30-34,Belpark Triathlon Club,00:14:05,00:01:27,00:42:52,00:01:12,00:24:11,01:23:48
#1_Sprint,,27,27,61.,Martin Bohane,m,M50-54,Cork Triathlon Club 2025,00:17:02,00:01:03,00:41:13,00:00:57,00:23:47,01:24:04
#1_Sprint,,15,15,62.,Derek Ahern,m,M45-49,South Coast TC,00:19:35,00:01:44,00:39:38,00:01:15,00:21:50,01:24:04
#1_Sprint,,153,153,63.,Orla Houlihan,f,F35-39,Killarney TC,00:15:22,00:01:48,00:42:44,00:01:12,00:22:59,01:24:07
#1_Sprint,,338,338,64.,Dainius Puotkalis,m,M45-49,Killarney TC,00:15:01,00:02:22,00:42:23,00:01:33,00:22:49,01:24:10
#1_Sprint,,301,301,65.,Owen O'connor,m,M45-49,Cork Triathlon Club 2025,00:13:38,00:00:57,00:42:56,00:00:50,00:26:09,01:24:32
#1_Sprint,,337,337,66.,Daire Power,m,M25-29,Naas TC,00:15:41,00:02:15,00:43:48,00:01:11,00:22:09,01:25:06
#1_Sprint,,220,220,67.,Aoife Mcevoy,f,F40-44,Trilogy Triathlon Club,00:17:56,00:01:08,00:41:03,00:00:50,00:24:16,01:25:15
#1_Sprint,,6,6,68.,Seán Cooke,m,M16-19,,00:11:34,00:01:15,00:42:03,00:01:04,00:29:25,01:25:24
#1_Sprint,,341,341,69.,Michael Quirke,m,M45-49,Killarney TC,00:18:01,00:01:54,00:41:32,00:01:21,00:22:33,01:25:24
#1_Sprint,,378,378,70.,Mark Tierney,m,M30-34,,00:15:27,00:01:51,00:43:17,00:01:05,00:23:44,01:25:27
#1_Sprint,,321,321,71.,Louise O'Riordan,f,F30-34,Belpark Triathlon Club,00:17:53,00:01:29,00:41:53,00:01:13,00:23:05,01:25:34
#1_Sprint,,135,135,72.,Mascha Hemsing,f,F50-54,Naas TC,00:15:58,00:01:22,00:42:43,00:01:05,00:24:26,01:25:35
#1_Sprint,,130,130,73.,Stephen Hayes,m,M40-44,Crosshaven Triathlon Club,00:15:56,00:01:23,00:43:59,00:01:34,00:22:43,01:25:37
#1_Sprint,,23,23,74.,Willie Barry,m,M55-59,Cork Triathlon Club 2025,00:14:55,00:01:42,00:44:20,00:01:07,00:23:37,01:25:42
#1_Sprint,,158,158,75.,Sophie Igoe,f,F16-19,Athy Triathlon Club,00:12:20,00:01:23,00:46:37,00:00:41,00:24:47,01:25:49
#1_Sprint,,84,84,76.,Trisha Curtin,f,F30-34,South Coast TC,00:16:04,00:02:29,00:43:52,00:01:13,00:22:15,01:25:54
#1_Sprint,,351,351,77.,Dave Ronan,m,M45-49,Cobh Triathlon Club,00:16:54,00:01:19,00:44:00,00:00:53,00:22:47,01:25:55
#1_Sprint,,285,285,78.,Hugh Stewart,m,Relay,Tralee Tri Club,00:12:29,00:02:01,00:45:33,00:01:35,00:24:36,01:26:16
#1_Sprint,,180,180,79.,Gabriel Le Donne,m,M16-19,Cobh Triathlon Club,00:16:17,00:01:10,00:44:56,00:00:57,00:22:54,01:26:16
#1_Sprint,,296,296,80.,Roisin O'Brien,f,F25-29,Pulse TC,00:15:24,00:01:43,00:43:53,00:00:54,00:24:54,01:26:51
#1_Sprint,,291,291,81.,Tadhg O’Leary,m,M35-39,Cork Triathlon Club 2025,00:16:37,00:01:53,00:44:20,00:01:25,00:22:37,01:26:54
#1_Sprint,,333,333,82.,Marie Pigott,f,F35-39,,00:16:41,00:01:14,00:44:26,00:00:47,00:23:48,01:26:58
#1_Sprint,,228,228,83.,James McKnight,m,M20-24,Schull Triathlon Club,00:15:48,00:01:35,00:45:20,00:00:32,00:23:41,01:26:58
#1_Sprint,,33,33,84.,John Corkish,m,M55-59,,00:14:58,00:02:12,00:43:41,00:01:43,00:24:24,01:27:00
#1_Sprint,,170,170,85.,Norman Kelly,m,M50-54,,00:17:47,00:01:40,00:42:11,00:01:00,00:24:20,01:27:00
#1_Sprint,,405,450,86.,Bronte Wakefield,f,F30-34,,00:14:08,00:01:25,00:48:59,00:00:56,00:21:32,01:27:02
#1_Sprint,,347,347,87.,Fiona Riordan,f,F30-34,Belpark Triathlon Club,00:18:01,00:01:56,00:43:24,00:01:02,00:22:42,01:27:08
#1_Sprint,,313,313,88.,Niall O'halloran,m,M50-54,Cork Triathlon Club 2025,00:18:54,00:02:26,00:39:52,00:01:43,00:24:11,01:27:08
#1_Sprint,,206,206,89.,Cillian Mccabe,m,M45-49,West Cork Triathlon Club,00:17:40,00:02:20,00:42:24,00:01:03,00:23:42,01:27:12
#1_Sprint,,243,243,90.,Shane Moore,m,M35-39,Piranha Triathlon Club,00:17:19,00:02:03,00:43:00,00:01:01,00:23:52,01:27:17
#1_Sprint,,282,282,91.,Linda O sullivan,f,F55-59,Cork Triathlon Club 2025,00:18:24,00:02:06,00:42:48,00:02:11,00:21:46,01:27:18
#1_Sprint,,44,44,92.,adrian jp byrne,m,M70-74,,00:16:26,00:01:30,00:42:33,00:01:11,00:25:39,01:27:21
#1_Sprint,,335,335,93.,David Pollard,m,M35-39,Crosshaven Triathlon Club,00:17:59,00:01:57,00:42:48,00:01:25,00:23:21,01:27:33
#1_Sprint,,261,261,94.,Aoife Nic Shamhráin,f,F30-34,Belpark Triathlon Club,00:15:25,00:01:05,00:45:51,00:00:48,00:24:54,01:28:05
#1_Sprint,,149,149,95.,Patrice Holmes,f,F20-24,Cork Triathlon Club 2025,00:13:37,00:01:45,00:47:23,00:01:48,00:23:47,01:28:22
#1_Sprint,,188,188,96.,David Lovell,m,M55-59,West Cork Triathlon Club,00:17:35,00:02:54,00:41:06,00:01:10,00:25:41,01:28:28
#1_Sprint,,245,245,97.,David Moran,m,M35-39,,00:16:55,00:02:20,00:44:37,00:01:28,00:23:06,01:28:28
#1_Sprint,,165,165,98.,Nan Kearney,f,F45-49,Cork Triathlon Club 2025,00:16:28,00:01:42,00:45:44,00:00:53,00:23:51,01:28:40
#1_Sprint,,385,385,99.,Deirdre Wallace,f,F35-39,Cork Triathlon Club 2025,00:18:40,00:01:47,00:44:06,00:01:05,00:23:06,01:28:46
#1_Sprint,,18,18,100.,Denzell Balfour,m,M55-59,Kilkenny Triathlon Club,00:18:24,00:01:55,00:42:57,00:01:08,00:24:23,01:28:50
#1_Sprint,,87,87,101.,Carrie Denham,f,F40-44,Crosshaven Triathlon Club,00:17:52,00:01:21,00:43:03,00:01:25,00:25:14,01:28:57
#1_Sprint,,270,270,102.,Liam O Connor,m,M25-29,,00:19:16,00:04:05,00:42:07,00:01:35,00:22:06,01:29:11
#1_Sprint,,304,304,103.,Oran O'Donoghue,m,M20-24,Killarney TC,00:17:20,00:02:01,00:43:59,00:01:32,00:24:19,01:29:12
#1_Sprint,,379,379,104.,Jason Tivy,m,M50-54,Crosshaven Triathlon Club,00:17:49,00:02:28,00:43:38,00:01:26,00:23:54,01:29:17
#1_Sprint,,137,137,105.,John Henderson,m,M45-49,,00:18:45,00:01:56,00:42:28,00:01:27,00:24:40,01:29:18
#1_Sprint,,193,193,106.,Gina Lyons,f,F45-49,Blackwater Triathlon Club,00:19:09,00:01:36,00:44:41,00:01:16,00:22:43,01:29:27
#1_Sprint,,322,322,107.,Evonne O'Rourke,f,F40-44,Belpark Triathlon Club,00:14:01,00:02:05,00:46:47,00:01:35,00:25:00,01:29:30
#1_Sprint,,359,359,108.,Eileen Ryan,f,F45-49,Blackwater Triathlon Club,00:17:39,00:01:47,00:43:12,00:01:38,00:25:13,01:29:31
#1_Sprint,,288,288,109.,Niall O’Connor,m,M50-54,West Cork Triathlon Club,00:16:29,00:02:19,00:46:45,00:01:03,00:22:56,01:29:34
#1_Sprint,,52,52,110.,Maciej Chojan,m,M45-49,Kinsale Triathlon Club,00:20:36,00:02:24,00:43:36,00:01:10,00:21:46,01:29:34
#1_Sprint,,186,186,111.,David Leonard,m,M45-49,Pulse TC,00:17:05,00:02:27,00:44:47,00:00:59,00:24:21,01:29:41
#1_Sprint,,356,356,112.,Cian Ryan,m,M30-34,Cobh Triathlon Club,00:14:58,00:01:54,00:44:06,00:01:18,00:27:32,01:29:50
#1_Sprint,,155,155,113.,Paul Hurley,m,M40-44,Cork Triathlon Club 2025,00:16:59,00:01:35,00:44:50,00:00:55,00:25:37,01:29:59
#1_Sprint,,346,346,114.,Damien Reid,m,M55-59,,00:17:07,00:01:38,00:44:09,00:01:01,00:26:07,01:30:04
#1_Sprint,,163,163,115.,Ciara Kane,f,F35-39,Killarney TC,00:15:04,00:01:40,00:47:22,00:01:30,00:24:32,01:30:10
#1_Sprint,,312,312,116.,Lynda O'gorman,f,F50-54,Cork Triathlon Club 2025,00:16:20,00:02:12,00:45:55,00:01:23,00:24:21,01:30:13
#1_Sprint,,191,191,117.,Eimear Lynch,f,F30-34,Crosshaven Triathlon Club,00:15:35,00:02:08,00:44:55,00:00:55,00:26:46,01:30:21
#1_Sprint,,73,73,118.,Seamus Cox,m,M50-54,Schull Triathlon Club,00:18:59,00:04:16,00:42:18,00:01:07,00:23:42,01:30:23
#1_Sprint,,370,370,119.,Charlie Sheil,m,M25-29,Piranha Triathlon Club,00:17:18,00:01:41,00:48:09,00:01:16,00:22:04,01:30:30
#1_Sprint,,295,295,120.,Brendan Obrien,m,M55-59,Killarney TC,00:20:07,00:02:01,00:43:51,00:01:15,00:23:16,01:30:32
#1_Sprint,,197,197,121.,Sophia Mackeown,f,F20-24,,00:15:27,00:01:47,00:49:22,00:00:39,00:23:19,01:30:37
#1_Sprint,,53,53,122.,Willow Cleary,m,M25-29,,00:16:55,00:03:07,00:45:06,00:01:49,00:23:51,01:30:50
#1_Sprint,,189,189,123.,Sheila Lucey,f,F35-39,Cork Triathlon Club 2025,00:17:31,00:02:30,00:45:53,00:01:33,00:23:21,01:30:51
#1_Sprint,,101,101,124.,Brian Dunne,m,M40-44,Cork Triathlon Club 2025,00:18:10,00:03:03,00:42:35,00:01:10,00:25:52,01:30:52
#1_Sprint,,57,57,125.,Jim Clover,m,M50-54,Kinsale Triathlon Club,00:15:31,00:01:49,00:45:36,00:01:24,00:26:39,01:31:01
#1_Sprint,,280,280,126.,ruairi o sullivan,m,M16-19,Cork Triathlon Club 2025,00:16:35,00:04:21,00:47:52,00:00:46,00:21:32,01:31:09
#1_Sprint,,71,71,127.,Niall Coughlan,m,M50-54,Schull Triathlon Club,00:20:27,00:02:17,00:42:31,00:00:31,00:25:28,01:31:17
#1_Sprint,,91,91,128.,Maire Diggin,f,F55-59,Pulse TC,00:18:38,00:01:15,00:44:40,00:01:12,00:25:40,01:31:26
#1_Sprint,,204,204,129.,Niall McAree,m,M30-34,Cork Triathlon Club 2025,00:18:08,00:01:20,00:43:03,00:00:42,00:28:12,01:31:27
#1_Sprint,,78,78,130.,Barry Cronin,m,M45-49,Kinsale Triathlon Club,00:19:34,00:02:39,00:44:34,00:01:20,00:23:19,01:31:28
#1_Sprint,,119,119,131.,Mark Gomm,m,M50-54,Kinsale Triathlon Club,00:18:58,00:01:46,00:43:45,00:01:04,00:25:56,01:31:30
#1_Sprint,,271,271,132.,Ryan O Connor,m,M30-34,Tralee Tri Club,00:17:07,00:02:47,00:45:50,00:01:11,00:24:54,01:31:51
#1_Sprint,,377,377,133.,Aoife Thorpe,f,F25-29,Belpark Triathlon Club,00:17:18,00:01:49,00:49:35,00:00:38,00:22:36,01:31:58
#1_Sprint,,122,122,134.,Stephen Hampson,m,M55-59,Tinahely Tri Club,00:15:30,00:01:08,00:45:39,00:00:52,00:28:49,01:32:00
#1_Sprint,,150,150,135.,Declan Horgan,m,M25-29,,00:19:03,00:03:51,00:46:04,00:02:04,00:21:03,01:32:07
#1_Sprint,,181,181,136.,Colm Leahy,m,M40-44,Tralee Tri Club,00:19:28,00:02:16,00:48:09,00:01:06,00:21:20,01:32:21
#1_Sprint,,138,138,137.,Alan Hewison,m,M65-69,Trilogy Triathlon Club,00:18:35,00:02:00,00:45:58,00:01:38,00:24:21,01:32:34
#1_Sprint,,16,16,138.,Peter Appelbe,m,M40-44,,00:17:27,00:02:38,00:46:09,00:00:44,00:25:35,01:32:35
#1_Sprint,,159,159,139.,Michael Jacobi,m,M50-54,Killarney TC,00:21:03,00:02:47,00:42:55,00:01:33,00:24:17,01:32:38
#1_Sprint,,254,254,140.,Damian Murphy,m,M60-64,,00:17:19,00:02:19,00:45:10,00:01:21,00:26:29,01:32:40
#1_Sprint,,218,218,141.,Eunan McEntee,m,M40-44,,00:18:39,00:01:41,00:46:21,00:01:06,00:24:56,01:32:43
#1_Sprint,,29,29,142.,Darren Bowles,m,M30-34,Belpark Triathlon Club,00:17:27,00:03:13,00:44:51,00:01:48,00:25:28,01:32:49
#1_Sprint,,311,311,143.,Kate O'Flynn,f,F35-39,Crosshaven Triathlon Club,00:17:47,00:02:08,00:45:53,00:01:28,00:25:36,01:32:54
#1_Sprint,,317,317,144.,Eoghan O'Neill,m,M40-44,Crosshaven Triathlon Club,00:17:15,00:02:49,00:45:56,00:01:26,00:25:37,01:33:04
#1_Sprint,,81,81,145.,Maria Cronin,f,F45-49,Cork Triathlon Club 2025,00:16:17,00:01:23,00:48:37,00:01:52,00:24:55,01:33:06
#1_Sprint,,172,172,146.,Anthony Kenny,m,M45-49,Kinsale Triathlon Club,00:19:49,00:01:49,00:44:38,00:01:22,00:25:34,01:33:14
#1_Sprint,,67,67,147.,Peadar Corbally,m,M35-39,Belpark Triathlon Club,00:17:55,00:01:37,00:45:32,00:01:52,00:26:22,01:33:20
#1_Sprint,,406,451,148.,Steve Palmer,m,M55-59,,00:19:59,00:02:16,00:44:17,00:00:39,00:26:10,01:33:23
#1_Sprint,,343,343,149.,Mark Ramsey,m,M50-54,Portmarnock TC,00:17:50,00:01:41,00:46:01,00:01:33,00:26:18,01:33:24
#1_Sprint,,352,352,150.,Darren Rooney,m,M40-44,Belpark Triathlon Club,00:16:57,00:01:59,00:47:06,00:01:44,00:25:40,01:33:29
#1_Sprint,,108,108,151.,Tim Finn,m,M45-49,Kinsale Triathlon Club,00:19:02,00:02:10,00:43:47,00:01:02,00:27:43,01:33:46
#1_Sprint,,223,223,152.,Rory Mcgovern,m,M55-59,Kilkenny Triathlon Club,00:19:40,00:01:40,00:44:47,00:01:45,00:25:55,01:33:50
#1_Sprint,,315,315,153.,Flor O'mahony,m,M40-44,,00:19:04,00:02:08,00:45:45,00:01:23,00:25:42,01:34:04
#1_Sprint,,371,371,154.,Eugene Shine,m,M40-44,Tralee Tri Club,00:17:48,00:01:51,00:45:32,00:01:15,00:27:44,01:34:12
#1_Sprint,,50,50,155.,Max Cathala,m,M50-54,Belpark Triathlon Club,00:18:47,00:02:16,00:46:31,00:01:56,00:24:39,01:34:12
#1_Sprint,,45,45,156.,Aine Byrne,f,F30-34,Belpark Triathlon Club,00:18:32,00:01:43,00:46:19,00:01:16,00:26:30,01:34:23
#1_Sprint,,326,326,157.,Damien O'Sullivan,m,M50-54,Cork Triathlon Club 2025,00:18:02,00:02:22,00:46:38,00:01:28,00:25:52,01:34:24
#1_Sprint,,113,113,158.,Sinead Flynn,f,F45-49,Belpark Triathlon Club,00:18:00,00:01:43,00:46:25,00:01:24,00:26:58,01:34:32
#1_Sprint,,395,395,159.,Kim Zitzmann,f,F25-29,Piranha Triathlon Club,00:19:11,00:02:27,00:44:34,00:01:15,00:27:11,01:34:39
#1_Sprint,,212,212,160.,Kevin McCarthy,m,M50-54,Cork Triathlon Club 2025,00:18:13,00:02:57,00:48:42,00:02:02,00:22:51,01:34:47
#1_Sprint,,62,62,161.,Liz Collins,f,F45-49,Waterford Triathlon Club,00:17:25,00:02:53,00:48:38,00:01:20,00:24:31,01:34:49
#1_Sprint,,46,46,162.,Declan Carlos,m,M45-49,Cobh Triathlon Club,00:18:46,00:02:28,00:44:38,00:01:45,00:27:11,01:34:50
#1_Sprint,,239,239,163.,Camila Monteiro,f,F35-39,Cork Triathlon Club 2025,00:19:15,00:02:25,00:45:34,00:01:21,00:26:19,01:34:56
#1_Sprint,,299,299,164.,Jane O'connell,f,F45-49,,00:16:13,00:01:34,00:50:26,00:01:40,00:25:01,01:34:57
#1_Sprint,,364,364,165.,Mia Scarlett,f,F16-19,,00:18:41,00:01:24,00:49:22,00:00:56,00:24:33,01:34:57
#1_Sprint,,92,92,166.,Mark Dillon,m,M25-29,,00:18:52,00:02:51,00:49:52,00:02:19,00:21:05,01:35:00
#1_Sprint,,125,125,167.,Kyle Harte,m,M25-29,,00:15:59,00:02:53,00:47:47,00:00:59,00:27:25,01:35:05
#1_Sprint,,121,121,168.,Moira Gunn,f,F60-64,Wicklow TC,00:19:01,00:02:05,00:46:07,00:01:47,00:26:03,01:35:06
#1_Sprint,,366,366,169.,Maurice Shanley,m,M55-59,West Cork Triathlon Club,00:18:44,00:03:25,00:43:20,00:01:58,00:27:38,01:35:08
#1_Sprint,,77,77,170.,Constance Cremers,f,F35-39,Schull Triathlon Club,00:21:18,00:03:28,00:45:54,00:02:04,00:22:28,01:35:14
#1_Sprint,,164,164,171.,Patricia Kearney,f,F50-54,Cork Triathlon Club 2025,00:18:52,00:02:27,00:46:28,00:01:16,00:26:13,01:35:19
#1_Sprint,,380,380,172.,Aidan Tobin,m,M35-39,,00:17:04,00:04:13,00:47:53,00:01:30,00:24:42,01:35:23
#1_Sprint,,89,89,173.,Terry Devery,m,M50-54,Cobh Triathlon Club,00:16:54,00:02:06,00:46:22,00:01:04,00:29:12,01:35:40
#1_Sprint,,389,389,174.,Sean Whelehan,m,M30-34,,00:18:30,00:03:23,00:49:04,00:00:53,00:23:51,01:35:43
#1_Sprint,,157,157,175.,Jon Hynes,m,M50-54,,00:19:33,00:02:39,00:45:44,00:01:16,00:26:41,01:35:55
#1_Sprint,,13,13,176.,Kelly Agnew,f,F45-49,Cork Triathlon Club 2025,00:18:20,00:01:23,00:46:07,00:01:12,00:28:56,01:36:00
#1_Sprint,,365,365,177.,Timon Seibel,m,M20-24,,00:22:02,00:03:45,00:46:30,00:01:18,00:22:31,01:36:08
#1_Sprint,,185,185,178.,Tom Lennon,m,M55-59,Cork Triathlon Club 2025,00:19:20,00:03:26,00:45:21,00:02:17,00:25:44,01:36:10
#1_Sprint,,407,452,179.,Sonya Palmer,f,F50-54,,00:19:36,00:02:27,00:45:20,00:01:27,00:27:26,01:36:19
#1_Sprint,,368,368,180.,Gerard Sheehan,m,M45-49,Crosshaven Triathlon Club,00:19:43,00:02:27,00:49:12,00:01:12,00:23:46,01:36:22
#1_Sprint,,110,110,181.,Ed Murphy,m,,Mallow Tri Club,00:16:52,00:02:08,00:44:02,00:02:50,00:31:05,01:36:58
#1_Sprint,,327,327,182.,Trish O'Sullivan,f,F45-49,Kinsale Triathlon Club,00:17:58,00:01:44,00:46:47,00:01:14,00:29:32,01:37:17
#1_Sprint,,146,146,183.,Darren Hobbs,m,M50-54,Crosshaven Triathlon Club,00:17:15,00:02:25,00:48:44,00:01:36,00:27:16,01:37:18
#1_Sprint,,391,391,184.,Bryce Whibley,m,M50-54,Cork Triathlon Club 2025,00:20:02,00:02:00,00:45:13,00:01:18,00:28:44,01:37:18
#1_Sprint,,361,361,185.,Darren Scannell,m,M20-24,,00:17:54,00:02:27,00:49:21,00:00:53,00:26:43,01:37:20
#1_Sprint,,47,47,186.,Edward Casey,m,M35-39,Tralee Tri Club,00:19:03,00:01:48,00:49:05,00:01:15,00:26:10,01:37:22
#1_Sprint,,257,257,187.,Lorraine Murtagh,f,F35-39,Cork Triathlon Club 2025,00:19:07,00:02:50,00:49:19,00:00:50,00:25:18,01:37:25
#1_Sprint,,244,244,188.,Maria Erma Morales Lemes,f,F40-44,Crosshaven Triathlon Club,00:17:15,00:02:03,00:50:25,00:01:28,00:26:13,01:37:27
#1_Sprint,,281,281,189.,Deirdre O Sullivan,f,F45-49,Kenmare TC,00:20:55,00:02:12,00:49:42,00:01:19,00:23:23,01:37:34
#1_Sprint,,14,14,190.,Ronan Ahern,m,M40-44,Cork Triathlon Club 2025,00:17:42,00:04:06,00:48:52,00:01:48,00:25:06,01:37:36
#1_Sprint,,253,253,191.,Brian Murphy,m,M50-54,Kinsale Triathlon Club,00:20:55,00:03:38,00:47:31,00:01:59,00:23:45,01:37:49
#1_Sprint,,340,340,192.,Karen Quinn,f,F50-54,Cork Triathlon Club 2025,00:18:25,00:02:04,00:50:24,00:01:50,00:25:38,01:38:23
#1_Sprint,,279,279,193.,Daniel O Shea,m,M30-34,,00:18:29,00:04:04,00:49:42,00:00:57,00:25:26,01:38:39
#1_Sprint,,394,394,194.,Alma Worrall,f,F50-54,Cobh Triathlon Club,00:16:22,00:02:16,00:51:02,00:01:51,00:27:34,01:39:06
#1_Sprint,,34,34,195.,David Brown,m,M35-39,Kinsale Triathlon Club,00:17:28,00:02:56,00:49:02,00:01:26,00:28:32,01:39:26
#1_Sprint,,114,114,196.,Oisín Forde,m,M25-29,,00:21:16,00:04:08,00:49:34,00:00:48,00:23:41,01:39:28
#1_Sprint,,353,353,197.,Evan Rossiter,m,M20-24,Belpark Triathlon Club,00:13:05,00:01:21,00:49:19,00:01:10,00:35:05,01:40:02
#1_Sprint,,147,147,198.,Carol Hodgins,f,F45-49,,00:20:16,00:02:21,00:50:54,00:01:00,00:25:32,01:40:05
#1_Sprint,,376,376,199.,Andrew Synnott,m,M40-44,Belpark Triathlon Club,00:18:29,00:02:26,00:50:42,00:01:21,00:27:17,01:40:17
#1_Sprint,,354,354,200.,Naomi Roycroft,f,F50-54,West Cork Triathlon Club,00:19:18,00:02:28,00:47:34,00:01:27,00:29:56,01:40:46
#1_Sprint,,58,58,201.,Barry Coleman,m,M55-59,Cork Triathlon Club 2025,00:22:36,00:03:34,00:45:57,00:01:06,00:27:41,01:40:56
#1_Sprint,,392,392,202.,Sophia Wigginton,f,F25-29,Kinsale Triathlon Club,00:13:08,00:11:01,00:51:09,00:01:24,00:24:15,01:40:59
#1_Sprint,,173,173,203.,Mark Keohane,m,M20-24,,00:20:32,00:02:44,00:50:47,00:00:50,00:26:17,01:41:13
#1_Sprint,,85,85,204.,Susanne Deane,f,F50-54,Crosshaven Triathlon Club,00:18:40,00:02:00,00:48:45,00:01:06,00:30:47,01:41:21
#1_Sprint,,74,74,205.,Shauna Creane,f,F30-34,Belpark Triathlon Club,00:16:36,00:01:47,00:54:56,00:01:02,00:27:09,01:41:31
#1_Sprint,,60,60,206.,Paul Collins,m,M40-44,Killarney TC,00:21:08,00:03:23,00:49:25,00:01:31,00:26:06,01:41:34
#1_Sprint,,70,70,207.,Jerry Coughlan,m,M20-24,,00:17:53,00:03:38,00:52:07,00:01:33,00:26:31,01:41:44
#1_Sprint,,226,226,208.,PATRICK MCHUGH,m,M35-39,,00:21:47,00:03:03,00:47:15,00:02:20,00:27:19,01:41:45
#1_Sprint,,96,96,209.,Donal Dowd,m,M65-69,Killarney TC,00:20:11,00:02:59,00:48:07,00:01:48,00:28:41,01:41:48
#1_Sprint,,235,235,210.,Eimear Minihane,f,F20-24,,00:18:03,00:03:35,00:51:37,00:01:23,00:27:10,01:41:51
#1_Sprint,,323,323,211.,Patrick O'Shaughnessy,m,M25-29,Belpark Triathlon Club,00:19:10,00:04:54,00:51:30,00:02:05,00:24:20,01:42:02
#1_Sprint,,148,148,212.,Katie Hogan,f,F50-54,Kinsale Triathlon Club,00:19:38,00:02:56,00:50:23,00:01:36,00:27:30,01:42:05
#1_Sprint,,93,93,213.,Laura Dillon,f,F30-34,,00:16:39,00:03:12,00:55:09,00:01:00,00:26:11,01:42:13
#1_Sprint,,179,179,214.,Olwyn Larkin,f,F55-59,Trilogy Triathlon Club,00:20:51,00:02:04,00:49:37,00:01:36,00:28:19,01:42:29
#1_Sprint,,25,25,215.,Magdalena Biernat,f,F40-44,Cobh Triathlon Club,00:18:23,00:02:12,00:52:47,00:01:22,00:28:03,01:42:49
#1_Sprint,,297,297,216.,Kevin OCallaghan,m,M50-54,Schull Triathlon Club,00:19:42,00:01:57,00:47:06,00:01:15,00:32:52,01:42:56
#1_Sprint,,198,198,217.,Ursula Manning,f,F40-44,West Cork Triathlon Club,00:19:29,00:02:30,00:49:44,00:02:09,00:29:10,01:43:04
#1_Sprint,,19,19,218.,Matt Bannerman,m,M55-59,Schull Triathlon Club,00:20:20,00:04:38,00:48:29,00:01:20,00:28:17,01:43:05
#1_Sprint,,258,258,219.,Ronan Nagle,m,M50-54,Kinsale Triathlon Club,00:17:07,00:05:31,00:48:43,00:02:26,00:29:16,01:43:05
#1_Sprint,,384,384,220.,Keith James Walker,m,M35-39,,00:19:24,00:02:10,00:52:01,00:01:21,00:28:27,01:43:24
#1_Sprint,,266,266,221.,Mark O callaghan,m,M50-54,Cobh Triathlon Club,00:20:23,00:02:58,00:50:28,00:01:40,00:28:13,01:43:44
#1_Sprint,,262,262,222.,Trish Nicholls,f,F65-69,Trilogy Triathlon Club,00:18:31,00:01:59,00:52:07,00:01:25,00:29:45,01:43:48
#1_Sprint,,97,97,223.,Jamie Downing,m,M45-49,Cobh Triathlon Club,00:18:13,00:03:35,00:51:46,00:01:01,00:29:13,01:43:50
#1_Sprint,,94,94,224.,Majella Diskin,f,F70-74,Tralee Tri Club,00:21:29,00:02:31,00:50:34,00:01:23,00:28:15,01:44:13
#1_Sprint,,192,192,225.,Mary Lyne,f,F50-54,Cork Triathlon Club 2025,00:10:05,00:02:54,00:56:57,00:02:29,00:31:47,01:44:14
#1_Sprint,,160,160,226.,Jake Johnson,m,M25-29,,00:13:01,00:04:33,00:59:01,00:00:47,00:27:18,01:44:42
#1_Sprint,,345,345,227.,Martin Rea,m,M50-54,Cork Triathlon Club 2025,00:17:20,00:03:27,00:52:12,00:03:10,00:28:33,01:44:44
#1_Sprint,,156,156,228.,Emma Hutchinson,f,F40-44,South Coast TC,00:18:25,00:03:11,00:53:54,00:01:58,00:27:27,01:44:57
#1_Sprint,,434,427,229.,Donal Murphy,m,M55-59,,00:21:30,00:03:20,00:52:05,00:00:52,00:27:11,01:45:00
#1_Sprint,,240,240,230.,Donal Mooney,m,M55-59,Trilogy Triathlon Club,00:18:26,00:01:41,00:54:51,00:01:33,00:28:29,01:45:02
#1_Sprint,,236,236,231.,Paul Mitchell,m,M50-54,,00:20:02,00:03:17,00:50:28,00:01:43,00:29:31,01:45:03
#1_Sprint,,167,167,232.,Karen Kelleher,f,F45-49,Cork Triathlon Club 2025,00:21:34,00:02:53,00:51:49,00:01:25,00:27:23,01:45:06
#1_Sprint,,182,182,233.,Joan Lehane,f,F50-54,Cork Triathlon Club 2025,00:17:30,00:03:03,00:51:31,00:01:39,00:31:45,01:45:29
#1_Sprint,,131,131,234.,Tina Hayes,f,F50-54,Cork Triathlon Club 2025,00:19:28,00:02:11,00:52:42,00:01:41,00:29:28,01:45:33
#1_Sprint,,325,325,235.,Kieran O'Sullivan,m,M40-44,Kinsale Triathlon Club,00:23:44,00:02:54,00:50:02,00:02:15,00:26:43,01:45:39
#1_Sprint,,229,229,236.,Gary Mcmanus,m,M55-59,West Cork Triathlon Club,00:16:38,00:03:55,00:48:52,00:01:54,00:34:18,01:45:40
#1_Sprint,,144,144,237.,James Higgins,m,M35-39,Crosshaven Triathlon Club,00:21:19,00:05:08,00:52:47,00:02:17,00:24:19,01:45:51
#1_Sprint,,37,37,238.,Killian Buckley,m,M25-29,,00:22:57,00:04:05,00:52:28,00:01:52,00:24:54,01:46:18
#1_Sprint,,208,208,239.,James Mccarthy,m,M25-29,,00:20:38,00:01:31,00:50:42,00:01:51,00:31:36,01:46:19
#1_Sprint,,433,456,240.,Brian Murphy,m,M50-54,,00:18:42,00:02:45,00:54:57,00:01:59,00:27:55,01:46:21
#1_Sprint,,162,162,241.,Elena Kamilari,f,F40-44,Cork Triathlon Club 2025,00:21:33,00:02:13,00:48:51,00:01:38,00:32:05,01:46:23
#1_Sprint,,382,382,242.,Michael Twomey,m,M35-39,,00:21:44,00:03:52,00:52:43,00:00:40,00:27:28,01:46:29
#1_Sprint,,102,102,243.,Judy Dwyer,f,F55-59,Kinsale Triathlon Club,00:18:37,00:02:59,00:54:09,00:00:51,00:30:09,01:46:47
#1_Sprint,,249,249,244.,Edel Mullen,f,F25-29,Belpark Triathlon Club,00:18:57,00:02:43,00:50:57,00:01:18,00:32:56,01:46:53
#1_Sprint,,217,217,245.,Alicia McConnell,f,F60-64,Schull Triathlon Club,00:17:52,00:02:15,00:53:24,00:01:30,00:31:54,01:46:57
#1_Sprint,,265,446,246.,Killian Power,m,M16-19,,00:20:22,00:03:35,00:51:46,00:00:54,00:30:22,01:47:02
#1_Sprint,,207,207,247.,Angela McCall,f,F50-54,Cobh Triathlon Club,00:23:00,00:03:04,00:50:47,00:01:40,00:28:30,01:47:02
#1_Sprint,,344,344,248.,SallyAnne Ramsey,f,F50-54,Portmarnock TC,00:18:45,00:02:32,00:51:40,00:01:34,00:32:30,01:47:03
#1_Sprint,,440,434,249.,Lorraine O'Dwyer,f,F30-34,,00:21:45,00:03:19,00:50:56,00:01:20,00:29:52,01:47:14
#1_Sprint,,329,329,250.,Ann Payne,f,F60-64,Cork Triathlon Club 2025,00:19:17,00:02:23,00:54:00,00:01:12,00:30:27,01:47:22
#1_Sprint,,174,174,251.,Michael Kevany,m,M35-39,,00:21:27,00:02:16,00:52:43,00:01:06,00:29:49,01:47:22
#1_Sprint,,310,310,252.,Celine O'Dwyer,f,F25-29,,00:21:39,00:03:24,00:51:00,00:01:35,00:29:49,01:47:30
#1_Sprint,,136,136,253.,George Henchion,m,M55-59,West Cork Triathlon Club,00:20:08,00:03:38,00:49:29,00:02:50,00:32:22,01:48:29
#1_Sprint,,28,28,254.,Maude Kelleher,f,,,00:19:24,00:02:27,00:57:49,00:01:15,00:27:44,01:48:40
#1_Sprint,,177,177,255.,Lisa-Marie Landers,f,F40-44,Killarney TC,00:22:48,00:03:25,00:53:31,00:02:05,00:27:17,01:49:08
#1_Sprint,,293,293,256.,April Joy O’Sullivan,f,F35-39,Crosshaven Triathlon Club,00:21:16,00:02:38,00:56:16,00:01:41,00:28:06,01:50:00
#1_Sprint,,289,289,257.,Elaine O’Donoghue,f,F40-44,Killarney TC,00:18:59,00:03:22,00:56:20,00:01:04,00:30:21,01:50:08
#1_Sprint,,214,214,258.,Claire McCarthy,f,F35-39,West Cork Triathlon Club,00:16:31,00:04:25,00:53:19,00:02:22,00:33:38,01:50:17
#1_Sprint,,277,277,259.,Niall O' Mahony,m,M30-34,Belpark Triathlon Club,00:19:33,00:02:31,00:58:15,00:02:44,00:27:45,01:50:49
#1_Sprint,,103,103,260.,Graham Edwards,m,M40-44,,00:23:45,00:03:05,00:51:34,00:01:50,00:30:52,01:51:07
#1_Sprint,,300,300,261.,Patrick O'Connell,m,M40-44,Cork Triathlon Club 2025,00:22:06,00:02:56,00:51:58,00:01:36,00:32:56,01:51:33
#1_Sprint,,388,388,262.,Rhys Walters,m,M35-39,Kinsale Triathlon Club,00:17:38,00:03:36,00:56:18,00:02:06,00:32:15,01:51:56
#1_Sprint,,342,342,263.,Eileen Quirke,f,F45-49,West Cork Triathlon Club,00:20:53,00:02:32,00:53:19,00:01:23,00:33:48,01:51:57
#1_Sprint,,308,308,264.,Maureen O'donovan,f,F55-59,,00:23:35,00:04:39,00:53:12,00:01:47,00:29:06,01:52:21
#1_Sprint,,112,112,265.,Niamh Fleming,f,F55-59,Blackwater Triathlon Club,00:19:08,00:02:35,00:54:40,00:01:41,00:34:16,01:52:21
#1_Sprint,,183,183,266.,Bridget Lehane,f,F50-54,West Cork Triathlon Club,00:16:52,00:02:18,00:55:52,00:02:19,00:35:09,01:52:33
#1_Sprint,,111,111,267.,Fay Fitzpatrick,f,F30-34,Cork Triathlon Club 2025,00:23:54,00:04:20,00:55:12,00:01:25,00:27:40,01:52:33
#1_Sprint,,41,41,268.,Michael Buttanshaw,m,M65-69,,00:20:30,00:02:55,00:52:57,00:01:54,00:34:16,01:52:34
#1_Sprint,,403,447,269.,Desmond O Connor,m,M40-44,,00:23:27,00:02:40,00:59:08,00:01:05,00:26:32,01:52:54
#1_Sprint,,104,104,270.,Tiernan Fagan,m,M25-29,,00:22:06,00:02:58,00:56:41,00:00:50,00:30:28,01:53:05
#1_Sprint,,21,21,271.,Celina Barrett,f,F55-59,Naas TC,00:21:18,00:01:41,00:54:31,00:01:45,00:33:49,01:53:06
#1_Sprint,,142,142,272.,Seamus Hickey,m,M55-59,Ballybunion TC,00:24:17,00:04:31,00:54:13,00:01:21,00:29:20,01:53:43
#1_Sprint,,348,422,273.,Cathal Mc Carthy,m,M45-49,Schull Triathlon Club,00:27:54,00:08:17,00:49:41,00:04:04,00:23:46,01:53:43
#1_Sprint,,232,232,274.,Paul McSweeney,m,M60-64,Cobh Triathlon Club,00:18:55,00:04:15,00:58:15,00:01:59,00:30:29,01:53:55
#1_Sprint,,436,423,275.,Donal Mc Grath,m,M60-64,Cork Triathlon Club 2025,00:25:41,00:04:21,00:54:57,00:02:21,00:27:10,01:54:31
#1_Sprint,,107,107,276.,Molly Farrell,f,F30-34,,00:18:21,00:02:24,00:57:10,00:01:13,00:35:31,01:54:41
#1_Sprint,,22,22,277.,Michael Barron,m,M40-44,Cork Triathlon Club 2025,00:22:32,00:03:59,00:58:46,00:00:56,00:28:35,01:54:50
#1_Sprint,,274,274,278.,Emma O Donovan,f,F25-29,Cork Triathlon Club 2025,00:19:39,00:03:17,01:00:12,00:01:10,00:30:52,01:55:12
#1_Sprint,,72,72,279.,Helen Coughlan,f,F55-59,Naas TC,00:23:34,00:04:52,01:01:58,00:01:40,00:23:12,01:55:19
#1_Sprint,,292,292,280.,Amy O’Leary,f,F20-24,,00:22:44,00:03:29,00:53:36,00:02:27,00:33:18,01:55:36
#1_Sprint,,194,194,281.,Louise Lyons,f,F60-64,Kinsale Triathlon Club,00:26:56,00:03:33,00:50:00,00:01:49,00:33:21,01:55:40
#1_Sprint,,252,252,282.,Ken Murphy,m,M50-54,,00:23:40,00:04:32,00:55:00,00:02:21,00:30:06,01:55:41
#1_Sprint,,54,54,283.,Karn Cliffe,f,F55-59,Naas TC,00:22:35,00:03:01,00:54:51,00:02:12,00:33:01,01:55:43
#1_Sprint,,209,209,284.,Tadhg McCarthy,m,M30-34,,00:25:28,00:03:23,01:00:18,00:00:46,00:26:00,01:55:57
#1_Sprint,,176,176,285.,Grainne Kingston,f,F45-49,Kinsale Triathlon Club,00:17:43,00:03:09,01:03:02,00:01:08,00:32:19,01:57:23
#1_Sprint,,276,276,286.,Nathan Ryan O Hehir,m,M35-39,,00:25:25,00:05:35,01:06:06,00:01:21,00:19:33,01:58:02
#1_Sprint,,134,134,287.,johannah hellgren,f,F20-24,,00:22:42,00:03:56,00:58:57,00:01:22,00:31:05,01:58:05
#1_Sprint,,31,31,288.,Aisling Bracken,f,F25-29,,00:22:59,00:03:19,01:03:50,00:01:20,00:26:37,01:58:06
#1_Sprint,,273,273,289.,Tina O donoghue,f,F45-49,Killarney TC,00:20:57,00:02:19,00:58:43,00:01:51,00:34:35,01:58:26
#1_Sprint,,64,64,290.,Phil Cone,m,M50-54,Cork Triathlon Club 2025,00:17:12,00:02:16,00:59:09,00:02:11,00:38:27,01:59:16
#1_Sprint,,316,316,291.,Dylan O'Meara,m,M30-34,,00:25:30,00:04:44,01:00:14,00:00:56,00:28:01,01:59:28
#1_Sprint,,284,284,292.,Terri O' Sullivan,f,F35-39,Kinsale Triathlon Club,00:24:25,00:03:59,00:58:35,00:01:27,00:31:10,01:59:38
#1_Sprint,,43,43,293.,Julie Butters,f,F45-49,Crosshaven Triathlon Club,00:27:10,00:03:02,00:55:06,00:01:56,00:32:53,02:00:10
#1_Sprint,,17,17,294.,Kara Appelbe,f,F50-54,Cork Triathlon Club 2025,00:21:27,00:03:06,00:54:17,00:02:01,00:40:28,02:01:22
#1_Sprint,,20,20,295.,Emma Barrett,f,F16-19,,00:20:45,00:02:42,01:01:41,00:01:01,00:35:28,02:01:39
#1_Sprint,,263,263,296.,Bridget Nowlan,f,F50-54,T3 Triathlon Club,00:24:09,00:04:52,00:57:40,00:01:20,00:33:41,02:01:44
#1_Sprint,,383,383,297.,Geraldine Venner,f,F50-54,Crosshaven Triathlon Club,00:21:26,00:03:08,00:58:09,00:01:53,00:37:20,02:01:58
#1_Sprint,,435,411,298.,Ruth Farrell,f,F55-59,Kinsale Triathlon Club,00:19:54,00:03:31,01:04:00,00:01:11,00:33:55,02:02:33
#1_Sprint,,95,95,299.,Cian Doorley,m,M45-49,,00:20:47,00:03:51,00:51:31,00:02:12,00:44:30,02:02:53
#1_Sprint,,126,126,300.,Niamh Harte,f,F30-34,Schull Triathlon Club,00:19:26,00:03:05,01:06:15,00:01:06,00:33:51,02:03:45
#1_Sprint,,117,117,301.,Marcus Geoghegan,m,M60-64,,00:32:18,00:00:59,00:54:52,00:01:24,00:34:12,02:03:47
#1_Sprint,,210,210,302.,Ross McCarthy,m,M35-39,,00:20:55,00:03:41,01:05:23,00:01:28,00:32:35,02:04:05
#1_Sprint,,26,26,303.,Ben Blackwell,m,M25-29,,00:26:01,00:02:17,01:00:59,00:00:53,00:33:55,02:04:07
#1_Sprint,,237,237,304.,Ciara Mitchell,f,F45-49,South Coast TC,00:22:59,00:03:19,00:59:57,00:02:10,00:36:05,02:04:32
#1_Sprint,,118,118,305.,Sarah Gleeson,f,F40-44,,00:20:59,00:03:01,01:07:25,00:01:09,00:32:12,02:04:49
#1_Sprint,,319,319,306.,Amelia O'Reilly,f,F40-44,Schull Triathlon Club,00:23:00,00:03:39,00:57:31,00:01:33,00:39:37,02:05:22
#1_Sprint,,438,453,307.,Arthur San Leeuwen,m,M65-69,,00:22:27,00:04:00,00:56:15,00:02:54,00:41:42,02:07:21
#1_Sprint,,374,374,308.,Anne Stockdale,f,F55-59,Kinsale Triathlon Club,00:23:47,00:02:29,01:01:45,00:01:31,00:38:02,02:07:36
#1_Sprint,,88,88,309.,Ann Dennehy,f,F45-49,Kinsale Triathlon Club,00:25:06,00:03:48,01:00:41,00:01:41,00:37:14,02:08:32
#1_Sprint,,320,320,310.,Robert Organ,m,M25-29,,00:32:16,00:04:57,01:02:45,00:00:47,00:28:17,02:09:04
#1_Sprint,,324,324,311.,Caroline O'Shea,f,F50-54,,00:24:44,00:05:14,01:01:28,00:01:19,00:37:42,02:10:30
#1_Sprint,,80,80,312.,Deirdre Cronin,f,F40-44,Schull Triathlon Club,00:23:13,00:05:18,01:01:58,00:01:06,00:39:25,02:11:02
#1_Sprint,,106,106,313.,Lisa Falvey,f,F50-54,Cromane Triathlon Club,00:30:41,00:04:56,01:03:41,00:02:20,00:30:39,02:12:20
#1_Sprint,,139,139,314.,Shona Hickeg,f,F20-24,,00:21:56,00:05:19,01:13:16,00:01:01,00:30:53,02:12:28
#1_Sprint,,264,264,315.,Christian Ó Beoláin,m,M45-49,Crosshaven Triathlon Club,00:21:14,00:05:09,01:20:10,00:02:22,00:25:47,02:14:44
#1_Sprint,,42,42,316.,Deirdre Buttanshaw,f,F65-69,,00:24:44,00:03:34,01:06:59,00:01:31,00:38:41,02:15:31
#1_Sprint,,213,213,317.,Kevin McCarthy,m,M65-69,,00:31:57,00:03:49,01:13:31,00:03:14,00:32:42,02:25:14
#1_Sprint,,154,154,318.,Stephen Hurley,m,M35-39,,00:25:17,00:05:17,01:15:22,00:01:18,00:38:58,02:26:14
#1_Sprint,,215,215,319.,Lisa McCarthy,f,F55-59,,00:28:06,00:05:07,01:17:26,00:01:52,00:40:51,02:33:24
#1_Sprint,,10,10,DSQ,Sean McMahon,m,M16-19,,00:11:15,00:00:53,00:35:51,00:00:46,00:17:32,01:06:19
#1_Sprint,,290,290,DSQ,Paul O’Keeffe,m,M25-29,,00:26:32,00:03:01,00:51:11,00:01:20,00:30:46,01:52:52
#1_Sprint,,404,449,DSQ,Martha Hickey,f,F50-54,,00:23:14,00:04:15,00:52:42,00:01:38,00:30:31,01:52:21
#1_Sprint,,30,30,DNF,Pio Boyle,m,M45-49,Killarney TC,00:18:41,00:01:22,00:44:19,00:01:28,,
#1_Sprint,,141,141,DNF,Anna Hickey,f,F30-34,Belpark Triathlon Club,00:19:17,,,,,
#1_Sprint,,216,216,DNF,Niamh McCarthy,f,F35-39,,00:29:43,00:04:02,01:27:36,00:14:32,,
#2_Sprint Relay,,400,400,1.,Relative Advantage Relative Advantage,,,,00:16:39,00:00:26,00:38:02,00:00:57,00:21:14,01:17:21
#2_Sprint Relay,,398,398,2.,Main Street and Mikey Main Street and Mikey,,,,00:15:16,00:00:26,00:44:00,00:00:24,00:21:40,01:21:48
#2_Sprint Relay,,396,396,3.,Cool Tri-ings Cool Tri-ings,,,Belpark Triathlon Club,00:14:11,00:02:13,00:45:04,00:00:44,00:27:41,01:29:56
#2_Sprint Relay,,399,399,4.,No Turning Back No Turning Back,,,Schull Triathlon Club,00:18:11,00:00:33,00:45:46,00:00:33,00:28:25,01:33:29
#2_Sprint Relay,,401,401,5.,Rexs Crew Rexs Crew,,,,00:13:01,00:00:37,00:42:11,00:00:38,00:38:51,01:35:20
#2_Sprint Relay,,402,402,6.,Team Squizz Team Squizz,,,Schull Triathlon Club,00:18:44,00:00:54,00:50:30,00:00:46,00:29:26,01:40:22
#2_Sprint Relay,,397,397,7.,Killarney Tri Club Killarney Tri Club,,,Killarney TC,00:17:09,00:00:44,01:03:30,00:01:28,00:35:07,01:58:00
#3_Try a Tri,,464,426,1.,Donncha Moynihan,m,M60-64,Crosshaven Triathlon Club,00:08:05,00:01:52,00:38:31,00:00:53,00:08:50,00:58:13
#3_Try a Tri,,468,430,2.,Julie O brien,f,F40-44,,00:08:05,00:01:53,00:41:57,00:00:45,00:08:24,01:01:04
#3_Try a Tri,,465,105,3.,Tea Falade,f,F20-24,Cork Triathlon Club 2025,00:06:15,00:02:33,00:46:06,00:02:08,00:10:59,01:08:03
#3_Try a Tri,,471,433,4.,Pat O’Donovan,m,M60-64,,00:10:22,00:04:19,00:44:15,00:00:55,00:10:38,01:10:31
#3_Try a Tri,,466,428,5.,Mary Ann Ni Chroinin,f,F30-34,,00:08:57,00:02:44,00:47:10,00:00:59,00:11:18,01:11:10
#3_Try a Tri,,461,307,6.,Shane O'Donovan,m,M45-49,West Cork Triathlon Club,00:07:09,00:03:14,00:47:39,00:01:40,00:11:37,01:11:22
#3_Try a Tri,,454,416,7.,Claire Hatton,f,F25-29,Belpark Triathlon Club,00:09:07,00:02:30,00:53:41,00:00:36,00:11:21,01:17:16
#3_Try a Tri,,455,417,8.,Marion Hogan,f,F55-59,Kinsale Triathlon Club,00:08:17,00:02:48,00:52:40,00:00:57,00:12:34,01:17:18
#3_Try a Tri,,477,439,9.,una Scannell,f,F55-59,,00:08:28,00:03:43,00:53:11,00:00:52,00:11:07,01:17:22
#3_Try a Tri,,442,404,10.,Fiona Brien,f,F55-59,Killarney TC,00:09:07,00:03:45,00:51:34,00:01:00,00:12:18,01:17:46
#3_Try a Tri,,479,441,11.,Aoife St Leger,f,F35-39,Cork Triathlon Club 2025,00:07:59,00:03:52,00:56:30,00:00:52,00:09:47,01:19:02
#3_Try a Tri,,470,432,12.,Treasa O’Donovan,f,F50-54,,00:11:33,00:04:10,00:49:01,00:00:58,00:14:36,01:20:20
#3_Try a Tri,,469,431,13.,Maire O Leary,f,F55-59,,00:07:59,00:03:35,00:52:14,00:01:12,00:15:26,01:20:27
#3_Try a Tri,,481,443,14.,Roshen Sunil,m,M30-34,,00:09:05,00:03:51,00:54:32,00:01:06,00:12:10,01:20:46
#3_Try a Tri,,475,437,15.,AnnMarie Perry,f,F50-54,,00:14:50,00:03:12,00:52:47,00:00:57,00:11:51,01:23:38
#3_Try a Tri,,448,410,16.,Karen Dukelow,f,F45-49,Schull Triathlon Club,00:11:22,00:03:47,00:55:52,00:00:56,00:12:28,01:24:27
#3_Try a Tri,,476,438,17.,Susie Pierce,f,F45-49,,00:11:22,00:03:45,00:55:55,00:00:56,00:12:29,01:24:27
#3_Try a Tri,,459,421,18.,Jake Lynch,m,M25-29,,00:10:14,00:05:02,00:58:20,00:01:26,00:10:46,01:25:50
#3_Try a Tri,,484,448,19.,Shirley O Connor,f,F45-49,,00:10:03,00:04:27,00:56:09,00:01:33,00:14:43,01:26:58
#3_Try a Tri,,473,435,20.,Jennifer O'Neill,f,F40-44,Belpark Triathlon Club,00:07:43,,,,,01:27:54
#3_Try a Tri,,452,414,21.,Jenni Gilbert,f,F25-29,,00:10:18,00:05:04,01:03:10,00:01:08,00:12:40,01:32:20
#3_Try a Tri,,483,265,22.,Siobhan O Brien,f,F60-64,Kinsale Triathlon Club,00:11:03,00:06:49,01:00:54,00:02:28,00:12:46,01:34:02
#3_Try a Tri,,480,442,23.,Claire Stack O’Brien,f,F50-54,,00:10:13,00:04:14,01:04:55,00:01:13,00:15:28,01:36:05
