__contest__,__group__,BIB,ID,WithStatus([AUTORANK.p]),DisplayName,GenderTI,Swim,Transition1,Bike,Transition2,Run,TIME
#1_Half Distance Triathlon,,15,49,1.,"Bagnall, Enda",Open,29:48,02:01,2:53:50,00:55,1:31:07,4:57:41
#1_Half Distance Triathlon,,28,106,2.,"Dunne, Jordan",Open,31:29,01:54,2:43:26,01:03,1:41:20,4:59:12
#1_Half Distance Triathlon,,103,72,3.,"Cassidy, Brendan",Open,40:09,01:40,2:45:24,01:30,1:40:58,5:09:41
#1_Half Distance Triathlon,,60,225,4.,"Ogle, Paul",Open,29:35,01:27,2:53:33,01:18,1:44:28,5:10:21
#1_Half Distance Triathlon,,151,230,5.,"Paul, Steven",Open,34:14,02:18,2:55:40,01:19,1:37:07,5:10:38
#1_Half Distance Triathlon,,223,250,6.,"Sheedy, David",Open,33:09,03:09,2:50:43,01:55,1:45:10,5:14:06
#1_Half Distance Triathlon,,197,41,7.,"Staunton, Niamh",Female,29:51,02:36,3:10:31,01:26,1:32:20,5:16:44
#1_Half Distance Triathlon,,73,48,8.,"Babington, Seamus",Open,35:04,02:17,2:53:45,01:17,1:48:20,5:20:43
#1_Half Distance Triathlon,,195,54,9.,"Boylan, Johnny",Open,32:14,01:58,3:02:58,01:02,1:49:49,5:28:01
#1_Half Distance Triathlon,,87,111,10.,"Fitzgerald, James",Open,33:16,02:23,3:07:04,01:17,1:46:39,5:30:39
#1_Half Distance Triathlon,,146,86,11.,"Crowley, Daragh",Open,37:31,02:27,3:06:35,01:23,1:46:12,5:34:08
#1_Half Distance Triathlon,,174,179,12.,"McCarthy, Kieran",Open,35:34,02:23,3:11:33,01:59,1:48:13,5:39:42
#1_Half Distance Triathlon,,121,42,13.,"Tate, Lorna",Female,33:03,02:03,3:07:51,01:26,1:59:01,5:43:24
#1_Half Distance Triathlon,,3,151,14.,"Keogh, Michael",Open,36:20,02:32,3:06:38,01:34,1:57:11,5:44:15
#1_Half Distance Triathlon,,23,53,15.,"Bowes, Mike",Open,36:08,01:43,3:08:03,00:21,1:58:12,5:44:27
#1_Half Distance Triathlon,,122,219,16.,"O'Connor, Liam",Open,41:43,02:33,3:16:57,03:27,1:42:29,5:47:09
#1_Half Distance Triathlon,,51,57,17.,"Brassil, Cian",Open,30:05,02:10,3:16:35,02:24,1:56:06,5:47:20
#1_Half Distance Triathlon,,192,164,18.,"Lopez, Jorge",Open,30:28,01:46,3:13:36,01:26,2:01:02,5:48:18
#1_Half Distance Triathlon,,88,157,19.,"Lalor, Tom",Open,37:44,01:40,3:14:27,02:09,1:56:49,5:52:49
#1_Half Distance Triathlon,,37,195,20.,"Mullane, Danny",Open,29:16,02:28,3:18:08,02:10,2:01:49,5:53:51
#1_Half Distance Triathlon,,54,241,21.,"Ritchie, Joshua",Open,35:13,02:02,3:17:34,01:03,1:59:04,5:54:56
#1_Half Distance Triathlon,,167,228,22.,"Osullivan, Oisin",Open,28:03,01:35,3:11:50,02:10,2:12:06,5:55:44
#1_Half Distance Triathlon,,179,255,23.,"Sleith, Gary",Open,39:41,02:44,3:17:41,02:46,1:54:00,5:56:52
#1_Half Distance Triathlon,,14,239,24.,"Reid, Wayne",Open,28:33,04:22,3:19:12,02:08,2:06:38,6:00:53
#1_Half Distance Triathlon,,93,153,25.,"Keyes, Luka",Open,34:58,04:50,3:30:15,02:52,1:48:21,6:01:16
#1_Half Distance Triathlon,,142,103,26.,"Drury, David",Open,39:23,01:37,3:20:11,02:03,1:59:12,6:02:26
#1_Half Distance Triathlon,,110,13,27.,"Houlihan, Orla",Female,36:15,01:49,3:36:23,01:12,1:47:07,6:02:46
#1_Half Distance Triathlon,,127,102,28.,"Doyle, Kevin",Open,39:01,01:18,3:14:58,03:00,2:05:29,6:03:46
#1_Half Distance Triathlon,,43,140,29.,"Hyland, Paul",Open,41:18,04:01,3:04:51,01:57,2:12:18,6:04:25
#1_Half Distance Triathlon,,156,248,30.,"Savage, Jack",Open,34:17,03:51,3:21:55,02:57,2:04:29,6:07:29
#1_Half Distance Triathlon,,75,162,31.,"Leonard, Clem",Open,37:26,02:02,3:21:29,01:54,2:04:42,6:07:33
#1_Half Distance Triathlon,,216,169,32.,"Mackey, Tim",Open,31:32,03:49,3:30:34,01:40,2:00:38,6:08:13
#1_Half Distance Triathlon,,211,204,33.,"Murray, Henry",Open,39:36,02:29,3:31:31,02:08,1:52:43,6:08:27
#1_Half Distance Triathlon,,67,234,34.,"Power, Declan",Open,33:16,02:17,3:17:37,01:39,2:14:11,6:09:00
#1_Half Distance Triathlon,,183,254,35.,"Skillington, Keelin",Open,39:05,02:33,3:26:25,02:04,1:59:20,6:09:27
#1_Half Distance Triathlon,,59,156,36.,"Kuwik, Artur",Open,39:49,02:11,3:23:25,02:03,2:03:10,6:10:38
#1_Half Distance Triathlon,,61,257,37.,"Strods, Andis",Open,31:02,04:11,3:13:00,00:26,2:22:34,6:11:13
#1_Half Distance Triathlon,,50,155,38.,"Kinane, Andrew",Open,31:44,03:16,3:18:30,02:48,2:15:26,6:11:44
#1_Half Distance Triathlon,,118,99,39.,"Doolan, Colm",Open,48:04,01:37,3:31:33,02:40,1:49:06,6:13:00
#1_Half Distance Triathlon,,172,115,40.,"Forde, Ronan",Open,38:56,02:10,3:12:44,04:24,2:16:58,6:15:12
#1_Half Distance Triathlon,,178,93,41.,"de Boer, Vincent",Open,33:29,02:41,3:29:46,01:32,2:08:24,6:15:52
#1_Half Distance Triathlon,,134,24,42.,"Lungu, Natalia",Female,43:52,04:09,3:35:57,02:16,1:49:43,6:15:57
#1_Half Distance Triathlon,,94,119,43.,"Garry, Daniel",Open,36:44,02:57,3:17:47,03:12,2:15:25,6:16:05
#1_Half Distance Triathlon,,152,222,44.,"O'Donoghue, Oran",Open,35:04,02:15,3:28:28,02:25,2:08:59,6:17:11
#1_Half Distance Triathlon,,185,64,45.,"Butler, Fintan",Open,37:33,03:14,3:33:38,02:40,2:02:58,6:20:03
#1_Half Distance Triathlon,,9,231,46.,"Pereira, Jean Ibsen",Open,41:16,03:29,3:31:12,01:50,2:03:17,6:21:04
#1_Half Distance Triathlon,,90,212,47.,"O Laoi, Ciaran",Open,39:18,02:47,3:34:02,01:13,2:03:59,6:21:19
#1_Half Distance Triathlon,,112,128,48.,"Hayes, Stan",Open,37:02,04:39,3:40:18,00:28,1:59:43,6:22:10
#1_Half Distance Triathlon,,194,148,49.,"Kelly, Ollie",Open,39:16,01:48,3:11:28,01:08,2:28:48,6:22:28
#1_Half Distance Triathlon,,143,52,50.,"Boucher, Craig",Open,35:47,03:30,3:27:56,02:12,2:13:31,6:22:56
#1_Half Distance Triathlon,,129,89,51.,"Dalrymple, Johnny",Open,48:16,05:40,3:34:00,03:09,1:53:29,6:24:34
#1_Half Distance Triathlon,,64,139,52.,"Hurley, Brian",Open,37:53,01:43,3:15:14,00:52,2:31:09,6:26:51
#1_Half Distance Triathlon,,96,12,53.,"Heslin, Andree",Female,33:12,03:22,3:37:55,01:53,2:10:52,6:27:14
#1_Half Distance Triathlon,,120,47,54.,"Arjun, Kamir",Open,34:35,01:39,3:49:20,01:31,2:00:49,6:27:54
#1_Half Distance Triathlon,,81,258,55.,"Swan, Robert",Open,34:32,03:22,3:31:35,03:10,2:17:55,6:30:34
#1_Half Distance Triathlon,,49,187,56.,"McNally, Colm",Open,41:20,03:04,3:40:36,04:57,2:00:59,6:30:56
#1_Half Distance Triathlon,,204,144,57.,"Karcak, Juraj",Open,39:51,03:43,3:18:24,03:06,2:26:07,6:31:11
#1_Half Distance Triathlon,,80,62,58.,"Buckley, Anthony",Open,36:41,02:25,3:46:25,02:16,2:04:03,6:31:50
#1_Half Distance Triathlon,,191,236,59.,"Quirke, Colm",Open,28:14,03:35,3:27:42,03:38,2:28:58,6:32:07
#1_Half Distance Triathlon,,36,44,60.,"Whelan, Ava",Female,41:51,02:16,3:32:19,02:37,2:13:45,6:32:48
#1_Half Distance Triathlon,,84,265,61.,"Walsh, Jack",Open,39:37,04:06,3:41:20,02:34,2:05:34,6:33:11
#1_Half Distance Triathlon,,162,188,62.,"McSwiggan, Sam",Open,46:18,07:21,3:36:22,03:05,2:01:16,6:34:22
#1_Half Distance Triathlon,,25,202,63.,"Murphy, Dan",Open,52:07,10:31,3:31:21,03:52,1:59:19,6:37:10
#1_Half Distance Triathlon,,34,246,64.,"Ryan, Keith",Open,44:52,01:30,3:40:27,06:11,2:04:30,6:37:30
#1_Half Distance Triathlon,,214,31,65.,"O Reilly, Deirdre",Female,42:22,04:00,3:35:53,02:19,2:13:10,6:37:44
#1_Half Distance Triathlon,,220,9,66.,"Duggan McSweeney, Aoife",Female,31:34,01:50,3:56:24,05:47,2:03:01,6:38:36
#1_Half Distance Triathlon,,83,208,67.,"Noonan, Conor",Open,41:38,03:25,3:21:03,02:35,2:30:13,6:38:54
#1_Half Distance Triathlon,,182,170,68.,"Macnab, Colin",Open,40:42,02:54,3:36:58,01:39,2:18:06,6:40:19
#1_Half Distance Triathlon,,221,66,69.,"Byrne, Neil",Open,37:43,03:26,3:42:00,01:24,2:16:28,6:41:01
#1_Half Distance Triathlon,,189,71,70.,"Carolan, David",Open,39:58,03:36,3:26:16,03:07,2:28:48,6:41:45
#1_Half Distance Triathlon,,38,35,71.,"Owens, Laura",Female,39:33,02:14,3:41:25,03:00,2:15:40,6:41:52
#1_Half Distance Triathlon,,114,161,72.,"Lehane, Alan",Open,59:39,02:47,3:27:30,02:45,2:09:14,6:41:55
#1_Half Distance Triathlon,,153,209,73.,"Nowak, Artur",Open,40:32,02:51,3:38:31,01:12,2:19:39,6:42:45
#1_Half Distance Triathlon,,161,97,74.,"Donnelly, Aidan",Open,39:19,05:55,3:40:28,05:31,2:12:08,6:43:21
#1_Half Distance Triathlon,,111,243,75.,"Roche, Conor",Open,32:00,02:48,3:53:31,02:22,2:15:25,6:46:06
#1_Half Distance Triathlon,,45,192,76.,"Mooney, Darragh",Open,44:41,06:13,3:51:56,03:44,2:00:12,6:46:46
#1_Half Distance Triathlon,,86,90,77.,"D'Alton, Joshua",Open,39:57,03:46,3:49:15,03:18,2:10:58,6:47:14
#1_Half Distance Triathlon,,21,163,78.,"Leonard, Stephen",Open,48:19,01:37,3:42:35,03:33,2:11:19,6:47:23
#1_Half Distance Triathlon,,109,229,79.,"Panneman, Thijs",Open,42:19,05:08,3:45:18,06:00,2:09:17,6:48:02
#1_Half Distance Triathlon,,209,260,80.,"Tighe, Gordon",Open,41:00,03:46,3:30:49,06:13,2:26:23,6:48:11
#1_Half Distance Triathlon,,65,59,81.,"Broderick, Terry",Open,52:31,03:32,3:27:58,03:48,2:21:30,6:49:19
#1_Half Distance Triathlon,,102,77,82.,"Clover, Jim",Open,36:13,04:39,3:34:19,03:32,2:31:13,6:49:56
#1_Half Distance Triathlon,,213,268,83.,"Walsh, Christopher",Open,42:45,10:34,3:43:11,03:46,2:10:22,6:50:38
#1_Half Distance Triathlon,,299,20,84.,"Kehoe, Nicola",Female,12:55,00:25,3:56:41,01:19,2:39:55,6:51:15
#1_Half Distance Triathlon,,104,5,85.,"Cronin, Rachel",Female,47:59,04:44,3:40:05,03:02,2:15:43,6:51:33
#1_Half Distance Triathlon,,6,197,86.,"Mulvaney, Peter",Open,45:12,04:43,3:42:08,03:39,2:16:08,6:51:50
#1_Half Distance Triathlon,,159,244,87.,"Roeloffs, Ewout",Open,39:33,03:55,3:30:26,01:33,2:37:37,6:53:04
#1_Half Distance Triathlon,,18,129,88.,"Henderson, John",Open,56:49,03:22,3:43:31,02:41,2:06:49,6:53:12
#1_Half Distance Triathlon,,85,251,89.,"Sheehan, Gerard",Open,42:18,10:45,3:56:05,06:19,1:58:05,6:53:32
#1_Half Distance Triathlon,,217,159,90.,"Le Masney, Eoin",Open,39:48,12:29,4:05:36,06:53,1:49:33,6:54:19
#1_Half Distance Triathlon,,44,152,91.,"Kerrigan, Martin",Open,39:35,03:56,3:43:43,03:07,2:24:20,6:54:41
#1_Half Distance Triathlon,,13,184,92.,"McIlwaine, Peter",Open,33:30,04:04,3:52:44,02:05,2:22:21,6:54:44
#1_Half Distance Triathlon,,46,284,93.,"Alcock, Tony",,44:50,06:07,3:43:21,02:24,2:18:26,6:55:08
#1_Half Distance Triathlon,,92,261,94.,"Tome, Jose Pedro",Open,39:38,03:33,3:55:40,04:01,2:12:21,6:55:13
#1_Half Distance Triathlon,,137,186,95.,"McLoughlin, Ruairi",Open,39:17,02:40,4:01:41,02:37,2:10:46,6:57:01
#1_Half Distance Triathlon,,74,237,96.,"Rafferty, Daniel",Open,35:00,05:18,3:45:48,04:46,2:26:17,6:57:09
#1_Half Distance Triathlon,,201,131,97.,"Hennessy, Ceallach",Open,48:04,03:36,3:55:47,02:39,2:08:15,6:58:21
#1_Half Distance Triathlon,,5,216,98.,"O’Brien, Ian",Open,43:57,05:46,3:43:04,06:18,2:19:19,6:58:24
#1_Half Distance Triathlon,,208,191,99.,"Mooney, Chris",Open,36:11,03:16,3:57:53,03:08,2:18:27,6:58:55
#1_Half Distance Triathlon,,198,123,100.,"Gleeson, Oscar",Open,39:43,04:02,3:46:09,02:59,2:26:49,6:59:42
#1_Half Distance Triathlon,,8,73,101.,"Cassin, Conor",Open,39:19,03:04,3:43:11,02:12,2:32:56,7:00:42
#1_Half Distance Triathlon,,203,110,102.,"Finn, Roger",Open,39:57,05:43,4:02:01,04:23,2:08:40,7:00:44
#1_Half Distance Triathlon,,300,43,103.,"Teelan, Dawn",Female,43:44,01:28,3:46:47,03:37,2:26:18,7:01:54
#1_Half Distance Triathlon,,200,32,104.,"O sullivan, Deirdre",Female,46:14,03:18,3:59:38,05:20,2:07:41,7:02:11
#1_Half Distance Triathlon,,107,26,105.,"MacDonald, Keelin",Female,38:59,03:12,3:56:36,02:54,2:21:02,7:02:43
#1_Half Distance Triathlon,,29,263,106.,"Vaudrey, Mark",Open,42:52,01:26,3:33:42,02:33,2:42:41,7:03:14
#1_Half Distance Triathlon,,55,138,107.,"Howard, Donal",Open,41:47,05:40,3:46:58,03:26,2:27:26,7:05:17
#1_Half Distance Triathlon,,53,143,108.,"Jones, Thomas",Open,46:45,05:27,3:40:48,06:01,2:27:05,7:06:06
#1_Half Distance Triathlon,,186,75,109.,"Charleton, Glen",Open,41:20,06:11,3:56:02,06:04,2:17:28,7:07:05
#1_Half Distance Triathlon,,207,267,110.,"Walsh, Michael",Open,45:17,06:58,3:44:23,05:16,2:25:42,7:07:36
#1_Half Distance Triathlon,,163,85,111.,"Crampton, Daniel",Open,45:58,06:46,3:48:20,02:14,2:24:44,7:08:02
#1_Half Distance Triathlon,,131,177,112.,"McArdle, Kevin",Open,39:45,05:38,3:48:59,06:52,2:27:22,7:08:36
#1_Half Distance Triathlon,,113,39,113.,"Shanahan, Caitriona",Female,42:27,03:14,3:57:40,03:16,2:22:07,7:08:44
#1_Half Distance Triathlon,,136,178,114.,"McCarrick, Cillian",Open,40:08,04:21,3:52:06,02:16,2:30:29,7:09:20
#1_Half Distance Triathlon,,166,133,115.,"Herlihy, Sean",Open,39:13,03:57,4:06:25,05:01,2:15:21,7:09:57
#1_Half Distance Triathlon,,79,79,116.,"Collins, Evan",Open,33:06,03:19,3:56:35,02:29,2:34:54,7:10:23
#1_Half Distance Triathlon,,12,270,117.,"Whyte, Brian",Open,40:49,05:57,3:46:05,03:40,2:33:58,7:10:29
#1_Half Distance Triathlon,,222,271,118.,"Young, Dean",Open,36:33,03:22,3:44:37,04:04,2:42:04,7:10:40
#1_Half Distance Triathlon,,138,285,119.,"Collins, Bryan",,43:53,05:56,4:00:25,04:22,2:18:23,7:12:59
#1_Half Distance Triathlon,,219,104,120.,"Duggan Mcsweeney, Eoin",Open,32:07,03:18,3:54:23,05:45,2:37:56,7:13:29
#1_Half Distance Triathlon,,68,70,121.,"Carew, Tj",Open,41:32,04:58,3:53:38,04:26,2:28:58,7:13:32
#1_Half Distance Triathlon,,117,3,122.,"Collins, Valerie",Female,42:16,03:31,3:55:28,03:42,2:29:34,7:14:31
#1_Half Distance Triathlon,,33,132,123.,"Herbert, Robert",Open,42:44,04:00,3:41:33,03:08,2:44:48,7:16:13
#1_Half Distance Triathlon,,218,235,124.,"Quinlan, Paul",Open,42:01,02:46,3:48:03,01:52,2:42:25,7:17:07
#1_Half Distance Triathlon,,35,45,125.,"White, Sarah",Female,42:56,02:57,4:05:47,05:53,2:20:00,7:17:33
#1_Half Distance Triathlon,,224,23,126.,"Lawler, Jenny",Female,42:23,05:20,4:09:03,03:22,2:18:39,7:18:47
#1_Half Distance Triathlon,,128,94,127.,"Deegan, Geoff",Open,48:12,03:50,3:51:15,03:12,2:33:01,7:19:30
#1_Half Distance Triathlon,,126,125,128.,"Hannon, Rory",Open,45:04,04:05,3:48:26,03:03,2:38:52,7:19:30
#1_Half Distance Triathlon,,295,242,129.,"Robinson, Darren",Open,44:47,05:15,4:23:58,03:55,2:02:08,7:20:03
#1_Half Distance Triathlon,,78,76,130.,"Clay, Ryan",Open,46:46,05:18,3:54:20,02:21,2:32:16,7:21:01
#1_Half Distance Triathlon,,101,135,131.,"Hoban, Kevin",Open,44:14,05:03,3:58:06,06:36,2:28:34,7:22:33
#1_Half Distance Triathlon,,147,147,132.,"Kelly, Jason",Open,44:50,05:20,4:00:11,04:15,2:28:08,7:22:44
#1_Half Distance Triathlon,,32,80,133.,"Connaughton, Niall",Open,35:01,02:56,3:22:10,02:17,3:21:09,7:23:33
#1_Half Distance Triathlon,,188,232,134.,"Plunkett, Richie",Open,42:54,05:34,3:41:46,04:15,2:51:54,7:26:23
#1_Half Distance Triathlon,,91,95,135.,"Delaney, Gavin",Open,43:36,06:12,3:57:59,03:10,2:35:28,7:26:25
#1_Half Distance Triathlon,,30,40,136.,"Sheeran, Amy",Female,50:04,03:51,4:11:56,02:18,2:19:15,7:27:24
#1_Half Distance Triathlon,,97,264,137.,"Vaughan, Jim",Open,43:21,01:28,3:54:26,03:24,2:45:01,7:27:40
#1_Half Distance Triathlon,,215,51,138.,"Boretskyi, Oleg",Open,44:21,12:11,4:08:38,00:32,2:22:07,7:27:49
#1_Half Distance Triathlon,,187,240,139.,"Richardson, Keith",Open,39:44,03:43,3:56:50,02:42,2:45:52,7:28:51
#1_Half Distance Triathlon,,173,61,140.,"Brosnan, Danny",Open,42:21,05:39,4:04:20,03:42,2:33:49,7:29:51
#1_Half Distance Triathlon,,165,165,141.,"Lunev, Artiom",Open,41:30,04:04,3:56:05,01:52,2:46:27,7:29:58
#1_Half Distance Triathlon,,41,116,142.,"Fox, Kieran",Open,35:23,02:26,4:18:04,01:52,2:32:34,7:30:19
#1_Half Distance Triathlon,,31,34,143.,"Osborne, Sharon",Female,42:35,03:45,3:55:27,02:59,2:46:26,7:31:12
#1_Half Distance Triathlon,,106,130,144.,"Hennessy, Austin",Open,42:51,01:27,3:54:17,04:19,2:49:36,7:32:30
#1_Half Distance Triathlon,,157,113,145.,"Flood, Fabian",Open,51:11,03:36,3:55:56,04:28,2:37:41,7:32:52
#1_Half Distance Triathlon,,158,17,146.,"Kaar, Isabel",Female,39:05,04:25,3:55:58,03:13,2:50:14,7:32:55
#1_Half Distance Triathlon,,212,210,147.,"O Brien, Pa",Open,39:49,06:38,3:53:49,06:51,2:46:03,7:33:10
#1_Half Distance Triathlon,,89,84,148.,"Costello, Conor",Open,42:17,02:30,4:09:21,02:34,2:36:32,7:33:14
#1_Half Distance Triathlon,,160,121,149.,"Giltinan, Micheál",Open,39:28,01:30,4:21:06,01:29,2:31:30,7:35:03
#1_Half Distance Triathlon,,100,65,150.,"Byrne, Paul",Open,41:57,05:49,4:13:42,05:01,2:29:08,7:35:37
#1_Half Distance Triathlon,,176,6,151.,"de Boer - van Genesen, Anke",Female,38:50,03:10,4:03:08,03:59,2:47:46,7:36:53
#1_Half Distance Triathlon,,175,172,152.,"Maher, Patrick",Open,31:55,03:14,4:00:26,04:33,2:57:00,7:37:08
#1_Half Distance Triathlon,,164,171,153.,"MacNicholas, Eamon",Open,47:08,10:00,4:05:03,06:25,2:29:18,7:37:54
#1_Half Distance Triathlon,,116,78,154.,"Cochrane, Tom",Open,38:51,04:01,4:03:32,03:12,2:48:41,7:38:17
#1_Half Distance Triathlon,,42,211,155.,"O Donnell, Ben",Open,56:29,03:16,4:08:44,01:21,2:31:56,7:41:46
#1_Half Distance Triathlon,,11,107,156.,"Elliott, Peter",Open,45:30,05:08,4:12:53,02:59,2:35:20,7:41:50
#1_Half Distance Triathlon,,95,145,157.,"Keating, Yury",Open,42:29,03:12,4:29:31,02:40,2:25:11,7:43:03
#1_Half Distance Triathlon,,150,27,158.,"McElhinney, Orla",Female,50:42,08:14,4:23:54,05:49,2:14:34,7:43:13
#1_Half Distance Triathlon,,177,88,159.,"Czajka, Tomasz",Open,44:06,01:29,4:20:19,05:36,2:33:22,7:44:52
#1_Half Distance Triathlon,,20,38,160.,"Seacy, Elaine",Female,41:39,02:32,4:05:25,03:33,2:53:02,7:46:11
#1_Half Distance Triathlon,,7,167,161.,"Lynch, Diarmuid",Open,42:42,05:53,4:38:51,03:38,2:18:01,7:49:05
#1_Half Distance Triathlon,,66,142,162.,"Johnson, Dermot",Open,54:14,04:20,4:21:37,04:00,2:26:45,7:50:56
#1_Half Distance Triathlon,,52,81,163.,"Conrad, Michard",Open,36:03,01:13,3:57:52,05:17,3:10:32,7:50:57
#1_Half Distance Triathlon,,119,37,164.,"Samsel, Agnieszka",Female,55:33,08:32,3:49:29,07:40,2:50:36,7:51:50
#1_Half Distance Triathlon,,27,247,165.,"Ryan, Stephen",Open,39:49,05:11,4:34:28,04:05,2:28:26,7:51:59
#1_Half Distance Triathlon,,98,117,166.,"Fox, Ronan",Open,41:37,02:55,4:15:25,04:45,2:47:21,7:52:03
#1_Half Distance Triathlon,,184,46,167.,"Zoethout, Aleksandra",Female,45:07,05:19,4:03:06,03:37,2:56:29,7:53:38
#1_Half Distance Triathlon,,82,226,168.,"OKelly, Aidan",Open,53:37,06:05,4:18:26,04:45,2:31:50,7:54:43
#1_Half Distance Triathlon,,125,98,169.,"Donnelly, Michael",Open,33:07,04:45,4:19:46,03:56,2:54:38,7:56:12
#1_Half Distance Triathlon,,70,238,170.,"Ramsey, Mark",Open,38:43,02:10,4:03:37,03:05,3:09:57,7:57:32
#1_Half Distance Triathlon,,39,96,171.,"Depla, Bert",Open,44:42,05:37,4:01:26,07:21,2:58:46,7:57:52
#1_Half Distance Triathlon,,105,176,172.,"Mc sweeney, Terence",Open,49:47,03:54,4:35:18,05:49,2:27:26,8:02:14
#1_Half Distance Triathlon,,202,126,173.,"Harney, John",Open,43:38,06:43,4:30:21,04:45,2:37:46,8:03:13
#1_Half Distance Triathlon,,72,36,174.,"Raftery, Nicola",Female,58:45,05:14,4:34:58,06:07,2:19:10,8:04:14
#1_Half Distance Triathlon,,62,266,175.,"Walsh, Paul",Open,41:35,06:28,4:36:16,05:20,2:34:57,8:04:36
#1_Half Distance Triathlon,,145,174,176.,"Mc Neill, James",Open,48:29,10:12,4:21:51,03:15,2:41:40,8:05:27
#1_Half Distance Triathlon,,133,112,177.,"Fitzsimons, Nigel",Open,45:00,07:03,4:14:11,06:43,2:58:28,8:11:25
#1_Half Distance Triathlon,,132,50,178.,"Blake, Philip",Open,45:26,07:21,4:13:31,09:54,3:00:49,8:17:01
#1_Half Distance Triathlon,,181,253,179.,"Sherlock, James",Open,47:05,05:45,4:35:48,04:49,2:57:24,8:30:51
#1_Half Distance Triathlon,,196,4,180.,"Condron, Chloe",Female,45:46,06:09,4:27:21,05:54,3:40:18,9:05:28
#1_Half Distance Triathlon,,4,183,DNF,"McDonnell, Michael",Open,41:41,03:28,,,,
#1_Half Distance Triathlon,,17,154,DNF,"Killeen, Cormac",Open,33:29,01:53,3:11:37,02:34,,
#1_Half Distance Triathlon,,22,82,DNF,"Conway, Stephen",Open,50:07,04:10,,,,
#1_Half Distance Triathlon,,24,19,DNF,"Kearney, Ann Carmel",Female,50:47,02:47,4:51:59,02:32,,
#1_Half Distance Triathlon,,26,146,DNF,"Keith Lee, Keith Lee",Open,51:55,07:14,,,,
#1_Half Distance Triathlon,,40,233,DNF,"Power, Brian",Open,45:17,01:32,3:55:51,03:50,,
#1_Half Distance Triathlon,,47,114,DNF,"Flynn, Colm",Open,40:23,03:41,3:52:31,00:26,,
#1_Half Distance Triathlon,,48,92,DNF,"Daskauskas, Gediminas",Open,37:19,02:32,3:11:33,01:55,,
#1_Half Distance Triathlon,,56,198,DNF,"Murphy, Stephen",Open,39:08,05:30,3:53:54,07:56,,
#1_Half Distance Triathlon,,58,223,DNF,"ODwyer, David",Open,39:16,04:33,3:11:12,02:19,,
#1_Half Distance Triathlon,,71,91,DNF,"Daniels, Ian",Open,37:08,04:54,4:30:11,02:45,,
#1_Half Distance Triathlon,,76,60,DNF,"Brosnan, Tj",Open,37:18,03:30,3:24:40,02:04,,
#1_Half Distance Triathlon,,99,150,DNF,"Kennedy, John",Open,39:18,04:23,,,,
#1_Half Distance Triathlon,,108,224,DNF,"O'Flaherty, Michael",Open,53:25,01:48,4:10:08,,,
#1_Half Distance Triathlon,,115,55,DNF,"Boyle, Maurice",Open,34:40,03:40,4:44:21,05:35,,
#1_Half Distance Triathlon,,139,185,DNF,"McLoughlin, Michael",Open,43:39,06:56,4:37:19,02:33,,
#1_Half Distance Triathlon,,141,227,DNF,"O'Reilly, Gary",Open,54:36,06:03,4:11:18,06:32,,
#1_Half Distance Triathlon,,149,220,DNF,"O'Connor, Garry",Open,57:03,01:55,4:50:12,,,
#1_Half Distance Triathlon,,168,127,DNF,"Harrington, Micheal",Open,40:00,11:10,4:53:48,07:28,,
#1_Half Distance Triathlon,,169,16,DNF,"Jones, Gillian",Female,39:21,03:13,4:22:57,08:20,,
#1_Half Distance Triathlon,,171,201,DNF,"Murphy, Colin",Open,38:25,03:55,4:14:59,08:24,,
#1_Half Distance Triathlon,,180,193,DNF,"Mora Kelly, Gerry",Open,52:49,03:16,4:28:16,02:03,,
#1_Half Distance Triathlon,,190,14,DNF,"Hynes, Maeve",Female,45:55,01:52,3:55:21,,,
#1_Half Distance Triathlon,,193,134,DNF,"Hilliard, Noel",Open,39:12,03:43,4:32:25,03:44,,
#1_Half Distance Triathlon,,205,22,DNF,"Kirwan, Sabrina",Female,1:30:25,,,,,
#1_Half Distance Triathlon,,206,33,DNF,"OHalloran, Debbie",Female,56:26,03:21,5:00:49,03:29,,
#1_Half Distance Triathlon,,210,30,DNF,"Novillo, Luciana",Female,45:26,05:16,5:11:46,04:22,,
#1_Half Distance Triathlon,,294,213,DNF,"Ó Leidhin, Mícheál",Open,40:58,01:41,4:47:22,03:16,,
#1_Half Distance Triathlon,,144,68,DNF,"Caffrey, Paul",Open,55:09,03:47,,,5:40:27,5:40:27
